<?xml version="1.0" encoding="UTF-8"?>
<project-private xmlns="http://www.netbeans.org/ns/project-private/1">
    <editor-bookmarks xmlns="http://www.netbeans.org/ns/editor-bookmarks/2" lastBookmarkId="0"/>
    <open-files xmlns="http://www.netbeans.org/ns/projectui-open-files/2">
        <group>
            <file>file:/Users/Helen/Desktop/Assignment5/src/assignment5/BBands.java</file>
            <file>file:/Users/Helen/Desktop/Assignment5/src/assignment5/SMA.java</file>
            <file>file:/Users/Helen/Desktop/Assignment5/src/assignment5/Assignment5.java</file>
            <file>file:/Users/Helen/Desktop/Assignment5/src/assignment5/StockData.java</file>
        </group>
    </open-files>
</project-private>
